curso,periodo_referencia,semestre_ideal_previsto,semestre_maximo_previsto,total_ativos_hoje,ativos_acima_prazo_ideal,ativos_acima_prazo_maximo,pct_acima_prazo_ideal
TEATRO,2025/1,8.0,14.0,17,17,0,100.0
ENGENHARIA DE ENERGIA,2025/1,10.0,16.0,130,69,11,53.08
"EDUCACAO DO CAMPO - LINGUAGENS, ARTES E LITERATURA",2025/1,10.0,12.0,107,54,40,50.47
MUSICA - FLAUTA,2025/1,8.0,10.0,6,3,2,50.0
DESIGN - PROJETO DO PRODUTO,2025/1,11.0,14.0,12,5,2,41.67
ENGENHARIA AEROESPACIAL,2025/1,10.0,18.0,355,144,11,40.56
ANTROPOLOGIA,2025/1,10.0,14.0,115,44,18,38.26
MUSICA - PIANO,2025/1,8.0,10.0,8,3,1,37.5
MUSEOLOGIA,2025/1,8.0,12.0,173,64,24,36.99
GESTAO AMBIENTAL,2025/1,12.0,16.0,107,38,18,35.51
LINGUAS ESTRANGEIRAS APLICADAS - MSI,2025/1,8.0,16.0,273,94,6,34.43
ESTATISTICA,2025/1,8.0,16.0,393,128,14,32.57
ENGENHARIA ELETRONICA,2025/1,13.0,16.0,204,65,26,31.86
ENGENHARIA AUTOMOTIVA,2025/1,13.0,16.0,100,31,16,31.0
CIENCIA DA COMPUTACAO,2025/1,9.0,14.0,576,177,47,30.73
ENGENHARIA MECATRONICA - CONTROLE E AUTOMACAO,2025/1,10.0,18.0,458,136,14,29.69
COMPUTACAO,2025/1,9.0,16.0,447,130,25,29.08
MUSICA - VIOLAO,2025/1,8.0,10.0,7,2,2,28.57
ENGENHARIA DE SOFTWARE,2025/1,10.0,16.0,1407,396,43,28.14
LETRAS - TRADUCAO - FRANCES,2025/1,10.0,14.0,73,20,9,27.4
ARTES CENICAS - INTERPRETACAO TEATRAL,2025/1,10.0,12.0,146,40,24,27.4
ENGENHARIA ELETRICA,2025/1,10.0,18.0,410,112,24,27.32
LETRAS - TRADUCAO - ESPANHOL,2025/1,11.0,14.0,114,31,15,27.19
GESTAO DO AGRONEGOCIO,2025/1,12.0,16.0,69,18,4,26.09
FILOSOFIA,2025/1,10.0,14.0,577,150,70,26.0
CIENCIAS NATURAIS,2025/1,11.0,16.0,192,49,14,25.52
GEOFISICA,2025/1,11.5,14.0,87,22,4,25.29
FISICA,2025/1,10.0,14.0,464,117,24,25.22
EDUCACAO DO CAMPO - CIENCIAS DA NATUREZA,2025/1,10.0,12.0,116,29,20,25.0
CIENCIAS ECONOMICAS,2025/1,8.0,14.0,563,139,20,24.69
ARTES CENICAS,2025/1,10.0,12.0,150,37,20,24.67
"TEORIA, CRITICA E HISTORIA DA ARTE",2025/1,10.0,12.0,266,65,44,24.44
GESTAO DE AGRONEGOCIOS,2025/1,12.0,16.0,182,43,15,23.63
LETRAS - TRADUCAO - INGLES,2025/1,10.0,14.0,233,55,11,23.61
ARTES VISUAIS,2025/1,10.0,12.0,571,134,80,23.47
SERVICO SOCIAL,2025/1,9.0,16.0,632,146,24,23.1
BIBLIOTECONOMIA,2025/1,11.0,14.0,347,80,34,23.05
SAUDE COLETIVA,2025/1,10.5,14.0,441,99,24,22.45
MATEMATICA,2025/1,10.0,14.0,468,100,24,21.37
LETRAS - LINGUA PORTUGUESA E RESPECTIVA LITERATURA,2025/1,10.0,14.0,813,172,38,21.16
SOCIOLOGIA,2025/1,10.0,14.0,93,19,5,20.43
MUSICA,2025/1,11.0,14.0,284,58,32,20.42
ADMINISTRACAO,2025/1,10.0,16.0,1271,256,44,20.14
ENGENHARIA FLORESTAL,2025/1,12.0,16.0,326,65,21,19.94
EDUCACAO DO CAMPO - MATEMATICA,2025/1,10.0,12.0,57,11,4,19.3
QUIMICA,2025/1,10.0,12.0,428,81,37,18.93
ARQUIVOLOGIA,2025/1,10.0,10.0,270,50,50,18.52
NUTRICAO,2025/1,9.0,14.0,336,62,3,18.45
LETRAS - LINGUA FRANCESA E RESPECTIVA LITERATURA,2025/1,10.0,14.0,142,26,5,18.31
CIENCIAS AMBIENTAIS,2025/1,11.0,14.0,259,47,26,18.15
TURISMO,2025/1,12.0,16.0,283,50,18,17.67
CIENCIA POLITICA,2025/1,9.0,12.0,524,91,25,17.37
LETRAS - PORTUGUES DO BRASIL COMO SEGUNDA LINGUA,2025/1,10.0,14.0,179,31,8,17.32
AUDIOVISUAL,2025/1,11.0,14.0,278,44,13,15.83
EDUCACAO FISICA,2025/1,10.0,12.0,895,141,67,15.75
LETRAS - LINGUA E LITERATURA JAPONESA,2025/1,11.0,15.0,148,23,2,15.54
PEDAGOGIA,2025/1,10.0,14.0,1303,201,46,15.43
HISTORIA,2025/1,11.0,15.0,866,131,40,15.13
CIENCIAS BIOLOGICAS,2025/1,11.0,14.0,937,140,52,14.94
ENFERMAGEM,2025/1,11.0,14.5,1033,151,31,14.62
MUSICA - CANTO,2025/1,8.0,10.0,7,1,1,14.29
LETRAS - LINGUA INGLESA E RESPECTIVA LITERATURA,2025/1,10.0,14.0,246,35,3,14.23
FISIOTERAPIA,2025/1,10.0,18.0,543,76,3,14.0
GEOLOGIA,2025/1,12.0,16.0,215,30,8,13.95
CIENCIAS CONTABEIS,2025/1,11.0,14.0,1197,166,60,13.87
ENGENHARIA DE COMPUTACAO,2025/1,13.0,18.0,544,75,19,13.79
GEOGRAFIA,2025/1,10.0,14.0,583,79,18,13.55
LETRAS - LINGUA ESPANHOLA E LITERATURA ESPANHOLA E HISPANO-AMERICANA,2025/1,12.0,16.0,171,23,3,13.45
ODONTOLOGIA,2025/1,10.0,18.0,316,42,4,13.29
CIENCIAS SOCIAIS,2025/1,10.0,14.0,746,96,15,12.87
AGRONOMIA,2025/1,11.0,14.0,763,97,39,12.71
ENGENHARIA DE PRODUCAO,2025/1,14.0,18.0,572,71,18,12.41
COMUNICACAO ORGANIZACIONAL,2025/1,11.0,14.0,394,48,18,12.18
PUBLICIDADE E PROPAGANDA,2025/1,11.0,14.0,268,32,16,11.94
RELACOES INTERNACIONAIS,2025/1,9.0,12.0,505,59,17,11.68
DESIGN - PROGRAMACAO VISUAL,2025/1,11.0,14.0,230,26,5,11.3
JORNALISMO,2025/1,11.0,14.0,258,27,13,10.47
FONOAUDIOLOGIA,2025/1,8.0,14.0,300,31,2,10.33
FARMACIA,2025/1,12.0,18.0,1329,133,19,10.01
ENGENHARIA QUIMICA,2025/1,12.0,18.0,311,31,4,9.97
TERAPIA OCUPACIONAL,2025/1,10.0,12.0,405,40,20,9.88
QUIMICA TECNOLOGICA,2025/1,13.0,18.0,123,12,1,9.76
GESTAO DE POLITICAS PUBLICAS,2025/1,12.0,16.0,449,42,13,9.35
PSICOLOGIA,2025/1,11.0,14.0,654,61,19,9.33
ARQUITETURA E URBANISMO,2025/1,14.0,18.0,960,89,20,9.27
ENGENHARIA MECANICA,2025/1,13.0,18.0,407,36,6,8.85
BIOTECNOLOGIA,2025/1,11.0,14.0,344,29,8,8.43
ENGENHARIA CIVIL,2025/1,13.0,18.0,459,37,5,8.06
ENGENHARIA AMBIENTAL,2025/1,14.0,18.0,309,23,7,7.44
MUSICA - COMPOSICAO,2025/1,14.0,16.0,27,2,1,7.41
DIREITO,2025/1,13.0,16.0,1489,102,37,6.85
ENGENHARIA DE REDES DE COMUNICACAO,2025/1,15.0,20.0,352,21,3,5.97
LINGUA DE SINAIS BRASILEIRA -PORTUGUES COMO SEGUNDA LINGUA,2025/1,12.0,16.0,148,7,0,4.73
MEDICINA VETERINARIA,2025/1,14.5,19.0,506,16,3,3.16
MEDICINA,2025/1,14.0,18.0,558,7,3,1.25
