curso_pibic_norm,campus,area_conhecimento,total_projetos,total_remuneradas,total_voluntarias_pivic,total_cotistas,total_cotistas_ppi,total_baixa_renda,valor_total_investido,taxa_cotistas_pct,taxa_voluntario_pct
CIENCIAS BIOLOGICAS,DARCY RIBEIRO,CIENCIAS BIOLOGICAS,575,416,120,222,222,90,2097000.0,38.6,20.9
MEDICINA,DARCY RIBEIRO,CIENCIAS DA SAUDE,561,358,167,253,253,114,1864200.0,45.1,29.8
DIREITO,DARCY RIBEIRO,CIENCIAS SOCIAIS APLICADAS,452,228,205,188,188,105,1125600.0,41.6,45.4
ARQUITETURA E URBANISMO,DARCY RIBEIRO,CIENCIAS SOCIAIS APLICADAS,413,284,117,159,159,48,1421700.0,38.5,28.3
AGRONOMIA,DARCY RIBEIRO,CIENCIAS AGRARIAS,407,315,58,172,172,48,1611600.0,42.3,14.3
FARMACIA,FACULDADE DE CIENCIAS E TECNOLOGIAS EM SAUDE (FCTS),CIENCIAS DA SAUDE,371,249,98,119,119,46,1280100.0,32.1,26.4
FISIOTERAPIA,FACULDADE DE CIENCIAS E TECNOLOGIAS EM SAUDE (FCTS),CIENCIAS DA SAUDE,367,230,106,149,149,69,1129500.0,40.6,28.9
FARMACIA,DARCY RIBEIRO,CIENCIAS DA SAUDE,326,249,58,144,144,55,1287600.0,44.2,17.8
HISTORIA,DARCY RIBEIRO,CIENCIAS HUMANAS,308,195,98,130,130,51,999000.0,42.2,31.8
FISICA,DARCY RIBEIRO,CIENCIAS EXATAS E DA TERRA,303,197,84,83,83,48,1031100.0,27.4,27.7
ENFERMAGEM,DARCY RIBEIRO,CIENCIAS DA SAUDE,301,225,64,175,175,85,1134600.0,58.1,21.3
ENFERMAGEM,FACULDADE DE CIENCIAS E TECNOLOGIAS EM SAUDE (FCTS),CIENCIAS DA SAUDE,299,225,59,132,132,54,1167300.0,44.1,19.7
MEDICINA VETERINARIA,DARCY RIBEIRO,CIENCIAS AGRARIAS,281,184,73,112,112,58,950400.0,39.9,26.0
BIOTECNOLOGIA,DARCY RIBEIRO,CIENCIAS BIOLOGICAS,256,175,53,69,69,20,867000.0,27.0,20.7
GEOLOGIA,DARCY RIBEIRO,CIENCIAS EXATAS E DA TERRA,255,168,57,87,87,40,908100.0,34.1,22.4
PSICOLOGIA,DARCY RIBEIRO,CIENCIAS HUMANAS,252,189,50,102,102,48,935100.0,40.5,19.8
ODONTOLOGIA,DARCY RIBEIRO,CIENCIAS DA SAUDE,246,174,48,117,117,45,887400.0,47.6,19.5
PEDAGOGIA,DARCY RIBEIRO,CIENCIAS HUMANAS,238,175,53,127,127,49,878400.0,53.4,22.3
FILOSOFIA,DARCY RIBEIRO,CIENCIAS HUMANAS,223,137,75,92,92,39,690600.0,41.3,33.6
CIENCIAS SOCIAIS,DARCY RIBEIRO,CIENCIAS HUMANAS,222,167,50,105,105,34,822000.0,47.3,22.5
LETRAS - LINGUA PORTUGUESA E RESPECTIVA LITERATURA,DARCY RIBEIRO,"LINGUISTICA, LETRAS E ARTES",218,132,71,75,75,24,669000.0,34.4,32.6
ENGENHARIA AEROESPACIAL,FACULDADE DE CIENCIAS E TECNOLOGIAS EM ENGENHARIA (FCTE),ENGENHARIAS,187,133,42,58,58,7,646800.0,31.0,22.5
ENGENHARIA CIVIL,DARCY RIBEIRO,ENGENHARIAS,187,130,45,78,78,32,646800.0,41.7,24.1
ENGENHARIA FLORESTAL,DARCY RIBEIRO,CIENCIAS AGRARIAS,187,138,34,69,69,14,705900.0,36.9,18.2
SERVICO SOCIAL,DARCY RIBEIRO,CIENCIAS SOCIAIS APLICADAS,180,137,39,81,81,25,699600.0,45.0,21.7
GEOGRAFIA,DARCY RIBEIRO,CIENCIAS HUMANAS,169,101,59,89,89,42,511200.0,52.7,34.9
QUIMICA,DARCY RIBEIRO,CIENCIAS EXATAS E DA TERRA,165,114,39,41,41,8,598500.0,24.8,23.6
FONOAUDIOLOGIA,FACULDADE DE CIENCIAS E TECNOLOGIAS EM SAUDE (FCTS),CIENCIAS DA SAUDE,162,98,49,77,77,28,488400.0,47.5,30.2
ENGENHARIA QUIMICA,DARCY RIBEIRO,ENGENHARIAS,157,113,29,50,50,18,600300.0,31.8,18.5
ENGENHARIA MECANICA,DARCY RIBEIRO,ENGENHARIAS,153,119,24,38,38,17,608700.0,24.8,15.7
ENGENHARIA ELETRICA,DARCY RIBEIRO,ENGENHARIAS,141,99,32,34,34,15,519000.0,24.1,22.7
RELACOES INTERNACIONAIS,DARCY RIBEIRO,CIENCIAS HUMANAS,141,93,45,65,65,37,450900.0,46.1,31.9
CIENCIAS CONTABEIS,DARCY RIBEIRO,CIENCIAS SOCIAIS APLICADAS,129,73,48,54,54,27,366600.0,41.9,37.2
ENGENHARIA AMBIENTAL,DARCY RIBEIRO,ENGENHARIAS,125,98,17,35,35,16,484800.0,28.0,13.6
ENGENHARIA ELETRONICA,FACULDADE DE CIENCIAS E TECNOLOGIAS EM ENGENHARIA (FCTE),ENGENHARIAS,124,91,27,39,39,14,457200.0,31.5,21.8
MATEMATICA,DARCY RIBEIRO,CIENCIAS EXATAS E DA TERRA,122,85,30,44,44,8,434400.0,36.1,24.6
NUTRICAO,DARCY RIBEIRO,CIENCIAS DA SAUDE,122,99,15,44,44,23,521100.0,36.1,12.3
LETRAS - LINGUA INGLESA E RESPECTIVA LITERATURA,DARCY RIBEIRO,"LINGUISTICA, LETRAS E ARTES",121,67,52,57,57,17,336900.0,47.1,43.0
ENGENHARIA MECATRONICA - CONTROLE E AUTOMACAO,DARCY RIBEIRO,ENGENHARIAS,120,92,22,43,43,21,450300.0,35.8,18.3
ENGENHARIA DE SOFTWARE,FACULDADE DE CIENCIAS E TECNOLOGIAS EM ENGENHARIA (FCTE),CIENCIAS EXATAS E DA TERRA,119,90,23,39,39,16,447000.0,32.8,19.3
ADMINISTRACAO,DARCY RIBEIRO,CIENCIAS SOCIAIS APLICADAS,116,88,26,50,50,16,456600.0,43.1,22.4
ARTES VISUAIS,DARCY RIBEIRO,"LINGUISTICA, LETRAS E ARTES",116,85,24,39,39,13,420600.0,33.6,20.7
EDUCACAO FISICA,DARCY RIBEIRO,CIENCIAS DA SAUDE,112,87,23,58,58,15,453000.0,51.8,20.5
TERAPIA OCUPACIONAL,FACULDADE DE CIENCIAS E TECNOLOGIAS EM SAUDE (FCTS),CIENCIAS DA SAUDE,109,80,21,53,53,16,414300.0,48.6,19.3
BIBLIOTECONOMIA,DARCY RIBEIRO,CIENCIAS SOCIAIS APLICADAS,105,63,35,47,47,20,317700.0,44.8,33.3
CIENCIAS NATURAIS,FACULDADE DE PLANALTINA (FUP),CIENCIAS HUMANAS,100,75,21,39,39,15,373500.0,39.0,21.0
CIENCIA POLITICA,DARCY RIBEIRO,CIENCIAS HUMANAS,98,67,25,50,50,18,339900.0,51.0,25.5
COMUNICACAO ORGANIZACIONAL,DARCY RIBEIRO,CIENCIAS SOCIAIS APLICADAS,97,66,31,36,36,13,328800.0,37.1,32.0
QUIMICA TECNOLOGICA,DARCY RIBEIRO,CIENCIAS EXATAS E DA TERRA,95,67,18,16,16,8,329100.0,16.8,18.9
CIENCIA DA COMPUTACAO,DARCY RIBEIRO,CIENCIAS EXATAS E DA TERRA,93,61,26,36,36,14,326700.0,38.7,28.0
CIENCIAS AMBIENTAIS,DARCY RIBEIRO,CIENCIAS SOCIAIS APLICADAS,87,67,17,21,21,4,331200.0,24.1,19.5
ENGENHARIA DE COMPUTACAO,DARCY RIBEIRO,CIENCIAS EXATAS E DA TERRA,84,62,21,21,21,10,317100.0,25.0,25.0
GEOFISICA,DARCY RIBEIRO,CIENCIAS EXATAS E DA TERRA,84,47,31,22,22,7,243000.0,26.2,36.9
"TEORIA, CRITICA E HISTORIA DA ARTE",DARCY RIBEIRO,"LINGUISTICA, LETRAS E ARTES",81,51,27,30,30,10,254400.0,37.0,33.3
SAUDE COLETIVA,DARCY RIBEIRO,CIENCIAS DA SAUDE,79,48,25,28,28,7,237000.0,35.4,31.6
MUSEOLOGIA,DARCY RIBEIRO,CIENCIAS SOCIAIS APLICADAS,77,49,24,26,26,4,238200.0,33.8,31.2
LINGUAS ESTRANGEIRAS APLICADAS - MSI,DARCY RIBEIRO,"LINGUISTICA, LETRAS E ARTES",75,48,20,26,26,9,244500.0,34.7,26.7
SAUDE COLETIVA,FACULDADE DE CIENCIAS E TECNOLOGIAS EM SAUDE (FCTS),CIENCIAS DA SAUDE,72,49,19,31,31,7,241800.0,43.1,26.4
ARTES CENICAS,DARCY RIBEIRO,"LINGUISTICA, LETRAS E ARTES",71,62,4,22,22,11,310800.0,31.0,5.6
ESTATISTICA,DARCY RIBEIRO,CIENCIAS EXATAS E DA TERRA,68,40,24,14,14,3,202200.0,20.6,35.3
JORNALISMO,DARCY RIBEIRO,CIENCIAS SOCIAIS APLICADAS,60,43,16,34,34,12,213600.0,56.7,26.7
LETRAS - LINGUA FRANCESA E RESPECTIVA LITERATURA,DARCY RIBEIRO,"LINGUISTICA, LETRAS E ARTES",60,35,22,25,25,5,171600.0,41.7,36.7
ARQUIVOLOGIA,DARCY RIBEIRO,CIENCIAS SOCIAIS APLICADAS,57,36,19,31,31,13,175800.0,54.4,33.3
AUDIOVISUAL,DARCY RIBEIRO,CIENCIAS SOCIAIS APLICADAS,55,39,13,26,26,9,198300.0,47.3,23.6
LETRAS - LINGUA ESPANHOLA E LITERATURA ESPANHOLA E HISPANO-AMERICANA,DARCY RIBEIRO,"LINGUISTICA, LETRAS E ARTES",54,26,28,22,22,10,126300.0,40.7,51.9
CIENCIAS ECONOMICAS,DARCY RIBEIRO,CIENCIAS SOCIAIS APLICADAS,52,33,16,15,15,7,168300.0,28.8,30.8
ENGENHARIA DE ENERGIA,FACULDADE DE CIENCIAS E TECNOLOGIAS EM ENGENHARIA (FCTE),ENGENHARIAS,50,29,11,11,11,0,145800.0,22.0,22.0
ENGENHARIA DE PRODUCAO,DARCY RIBEIRO,ENGENHARIAS,49,40,9,18,18,10,201600.0,36.7,18.4
PUBLICIDADE E PROPAGANDA,DARCY RIBEIRO,CIENCIAS SOCIAIS APLICADAS,49,29,19,26,26,9,145200.0,53.1,38.8
ENGENHARIA DE REDES DE COMUNICACAO,DARCY RIBEIRO,ENGENHARIAS,46,28,16,11,11,2,135900.0,23.9,34.8
GESTAO AMBIENTAL,FACULDADE DE PLANALTINA (FUP),CIENCIAS SOCIAIS APLICADAS,45,34,9,22,22,13,166200.0,48.9,20.0
SOCIOLOGIA,DARCY RIBEIRO,CIENCIAS SOCIAIS APLICADAS,45,31,13,19,19,3,156000.0,42.2,28.9
GESTAO DE POLITICAS PUBLICAS,DARCY RIBEIRO,CIENCIAS HUMANAS,44,34,8,21,21,8,182100.0,47.7,18.2
ANTROPOLOGIA,DARCY RIBEIRO,CIENCIAS HUMANAS,42,30,9,18,18,10,148200.0,42.9,21.4
MUSICA,DARCY RIBEIRO,"LINGUISTICA, LETRAS E ARTES",42,33,5,11,11,1,165900.0,26.2,11.9
LETRAS - TRADUCAO - ESPANHOL,DARCY RIBEIRO,"LINGUISTICA, LETRAS E ARTES",35,6,22,12,12,2,32400.0,34.3,62.9
DESIGN - PROGRAMACAO VISUAL,DARCY RIBEIRO,CIENCIAS SOCIAIS APLICADAS,34,26,5,11,11,2,138600.0,32.4,14.7
LINGUA DE SINAIS BRASILEIRA -PORTUGUES COMO SEGUNDA LINGUA,DARCY RIBEIRO,"LINGUISTICA, LETRAS E ARTES",32,14,18,11,11,3,68700.0,34.4,56.2
ENGENHARIA AUTOMOTIVA,FACULDADE DE CIENCIAS E TECNOLOGIAS EM ENGENHARIA (FCTE),ENGENHARIAS,30,19,6,5,5,1,94200.0,16.7,20.0
ENGENHARIA,FACULDADE DE CIENCIAS E TECNOLOGIAS EM ENGENHARIA (FCTE),ENGENHARIAS,29,25,3,11,11,5,126000.0,37.9,10.3
"EDUCACAO DO CAMPO - LINGUAGENS, ARTES E LITERATURA",FACULDADE DE PLANALTINA (FUP),CIENCIAS HUMANAS,28,20,8,13,13,5,97500.0,46.4,28.6
GESTAO DE AGRONEGOCIOS,DARCY RIBEIRO,CIENCIAS SOCIAIS APLICADAS,28,22,6,4,4,1,122400.0,14.3,21.4
TURISMO,DARCY RIBEIRO,CIENCIAS HUMANAS,28,18,10,13,13,2,87900.0,46.4,35.7
GESTAO DO AGRONEGOCIO,FACULDADE DE PLANALTINA (FUP),CIENCIAS EXATAS E DA TERRA,27,19,6,9,9,5,91200.0,33.3,22.2
LETRAS - PORTUGUES DO BRASIL COMO SEGUNDA LINGUA,DARCY RIBEIRO,"LINGUISTICA, LETRAS E ARTES",25,19,6,13,13,4,94800.0,52.0,24.0
LETRAS - TRADUCAO - INGLES,DARCY RIBEIRO,"LINGUISTICA, LETRAS E ARTES",25,12,10,12,12,3,66900.0,48.0,40.0
LETRAS - LINGUA E LITERATURA JAPONESA,DARCY RIBEIRO,"LINGUISTICA, LETRAS E ARTES",23,11,8,12,12,3,57900.0,52.2,34.8
COMPUTACAO,DARCY RIBEIRO,CIENCIAS EXATAS E DA TERRA,21,13,8,8,8,6,69600.0,38.1,38.1
EDUCACAO DO CAMPO - CIENCIAS DA NATUREZA,FACULDADE DE PLANALTINA (FUP),CIENCIAS HUMANAS,18,12,3,8,8,0,59100.0,44.4,16.7
LETRAS - TRADUCAO - FRANCES,DARCY RIBEIRO,"LINGUISTICA, LETRAS E ARTES",13,9,4,3,3,2,44700.0,23.1,30.8
ARTES CENICAS - INTERPRETACAO TEATRAL,DARCY RIBEIRO,"LINGUISTICA, LETRAS E ARTES",10,8,1,2,2,0,45000.0,20.0,10.0
DESIGN - PROJETO DO PRODUTO,DARCY RIBEIRO,CIENCIAS SOCIAIS APLICADAS,6,5,1,3,3,0,24000.0,50.0,16.7
