curso,departamento,campus,turno,area_conhecimento,grau_academico,categoria_grau,semestre_minimo_previsto,semestre_ideal_previsto,semestre_maximo_previsto,carga_horaria_minima,total_discentes_registrados,total_formados,total_evadidos_desligados,total_ainda_ativos,taxa_formatura_pct,taxa_evasao_pct,formados_tempo_minimo_pct,formados_tempo_ideal_pct,formados_acima_ideal_pct,formados_limite_maximo_pct,tempo_medio_real_semestres,tempo_mediano_real_semestres,desvio_medio_semestres,indice_retencao_critica,classificacao_retencao,pibic_total_projetos,pibic_bolsas_remuneradas,pibic_bolsas_voluntarias,pibic_cotistas,pibic_investimento_total,pibic_projetos_por_100_alunos
ENGENHARIA,UNB - FACULDADE DO GAMA,FACULDADE DE CIENCIAS E TECNOLOGIAS EM ENGENHARIA (FCTE),DIURNO,ENGENHARIAS,BACHARELADO,BACHARELADO,1.0,5.0,3.0,3750,1264,40,1181,0,3.16,93.43,0.0,0.0,100.0,100.0,12.48,12.0,7.48,100.0,RETENÇÃO CRÍTICA,29,25.0,3.0,11.0,126000.0,2.29
FISICA COMPUTACIONAL,INSTITUTO DE FISICA,DARCY RIBEIRO,DIURNO,CIENCIAS EXATAS E DA TERRA,BACHARELADO,BACHARELADO,6.0,9.0,12.0,2670,21,4,16,0,19.05,76.19,25.0,25.0,75.0,75.0,13.25,15.0,4.25,100.0,RETENÇÃO CRÍTICA,0,,,,0.0,0.0
COMPUTACAO,DEPARTAMENTO DE CIENCIA DA COMPUTACAO,DARCY RIBEIRO,NOTURNO,CIENCIAS EXATAS E DA TERRA,LICENCIATURA,LICENCIATURA,6.5,9.0,16.0,3210,710,152,514,35,21.41,72.39,13.16,30.92,69.08,21.71,11.81,11.5,2.81,89.8,RETENÇÃO CRÍTICA,21,13.0,8.0,8.0,69600.0,2.96
CIENCIA DA COMPUTACAO,DEPARTAMENTO DE CIENCIA DA COMPUTACAO,DARCY RIBEIRO,DIURNO,CIENCIAS EXATAS E DA TERRA,BACHARELADO,BACHARELADO,8.0,9.0,14.0,3210,713,235,430,34,32.96,60.31,4.27,6.84,93.16,45.3,13.25,13.0,4.25,85.7,RETENÇÃO CRÍTICA,93,61.0,26.0,36.0,326700.0,13.04
LINGUAS ESTRANGEIRAS APLICADAS - MSI,DEPARTAMENTO DE LINGUAS ESTRANGEIRAS E TRADUCAO,DARCY RIBEIRO,DIURNO,"LINGUISTICA, LETRAS E ARTES",BACHARELADO,BACHARELADO,8.0,8.0,16.0,2880,387,138,230,15,35.66,59.43,5.8,5.8,94.2,13.77,12.13,12.0,4.13,83.6,RETENÇÃO CRÍTICA,75,48.0,20.0,26.0,244500.0,19.38
"TEORIA, CRITICA E HISTORIA DA ARTE",INSTITUTO DE ARTES,DARCY RIBEIRO,NOTURNO,"LINGUISTICA, LETRAS E ARTES",BACHARELADO,BACHARELADO,8.0,10.0,12.0,2610,412,127,260,22,30.83,63.11,3.2,28.0,72.0,58.4,13.08,12.0,3.08,81.4,RETENÇÃO CRÍTICA,81,51.0,27.0,30.0,254400.0,19.66
FILOSOFIA,DEPARTAMENTO DE FILOSOFIA,DARCY RIBEIRO,DIURNO E NOTURNO,CIENCIAS HUMANAS,MISTO (BACHARELADO + LICENCIATURA),MISTO,6.0,10.0,14.0,3030,1244,366,816,46,29.42,65.59,2.75,28.65,71.35,36.09,12.41,12.0,2.41,80.1,RETENÇÃO CRÍTICA,223,137.0,75.0,92.0,690600.0,17.93
LETRAS - LINGUA E LITERATURA JAPONESA,INSTITUTO DE LETRAS,DARCY RIBEIRO,NOTURNO,"LINGUISTICA, LETRAS E ARTES",LICENCIATURA,LICENCIATURA,7.0,11.0,15.0,2400,357,98,250,4,27.45,70.03,1.05,34.74,65.26,18.95,12.52,12.0,1.52,80.0,RETENÇÃO CRÍTICA,23,11.0,8.0,12.0,57900.0,6.44
LETRAS - LINGUA FRANCESA E RESPECTIVA LITERATURA,INSTITUTO DE LETRAS,DARCY RIBEIRO,DIURNO,"LINGUISTICA, LETRAS E ARTES",MISTO (BACHARELADO + LICENCIATURA),MISTO,6.0,10.0,14.0,2700,601,182,397,11,30.28,66.06,6.63,35.91,64.09,33.15,11.9,12.0,1.9,77.2,RETENÇÃO CRÍTICA,60,35.0,22.0,25.0,171600.0,9.98
FISICA,INSTITUTO DE FISICA,DARCY RIBEIRO,DIURNO E NOTURNO,CIENCIAS EXATAS E DA TERRA,MISTO (BACHARELADO + LICENCIATURA),MISTO,6.0,10.0,14.0,3300,1003,243,719,18,24.23,71.68,8.23,46.09,53.91,20.16,10.83,11.0,0.83,75.9,RETENÇÃO CRÍTICA,303,197.0,84.0,83.0,1031100.0,30.21
MATEMATICA,DEPARTAMENTO DE MATEMATICA.,DARCY RIBEIRO,DIURNO E NOTURNO,CIENCIAS EXATAS E DA TERRA,MISTO (BACHARELADO + LICENCIATURA),MISTO,6.0,10.0,14.0,2820,1158,278,850,13,24.01,73.4,14.03,54.68,45.32,23.74,10.6,10.0,0.6,74.2,RETENÇÃO CRÍTICA,126,89.0,30.0,47.0,453600.0,10.88
MUSEOLOGIA,FACULDADE DE CIENCIA DA INFORMACAO,DARCY RIBEIRO,DIURNO,CIENCIAS SOCIAIS APLICADAS,BACHARELADO,BACHARELADO,7.0,8.0,12.0,2535,428,187,223,15,43.69,52.1,1.62,8.65,91.35,48.11,11.92,11.0,3.92,71.9,RETENÇÃO CRÍTICA,77,49.0,24.0,26.0,238200.0,17.99
QUIMICA,INSTITUTO DE QUIMICA,DARCY RIBEIRO,DIURNO E NOTURNO,CIENCIAS EXATAS E DA TERRA,MISTO (BACHARELADO + LICENCIATURA),MISTO,7.0,10.0,12.0,3150,974,317,624,15,32.55,64.07,10.13,41.46,58.54,48.73,11.43,11.0,1.43,71.1,RETENÇÃO CRÍTICA,165,114.0,39.0,41.0,598500.0,16.94
TEATRO,INSTITUTO DE ARTES,DARCY RIBEIRO,DIURNO,"LINGUISTICA, LETRAS E ARTES",LICENCIATURA,LICENCIATURA,8.0,8.0,14.0,3000,137,45,91,0,32.85,66.42,55.56,55.56,44.44,2.22,8.96,8.0,0.96,71.0,RETENÇÃO CRÍTICA,0,,,,0.0,0.0
ESTATISTICA,DEPARTAMENTO DE ESTATISTICA,DARCY RIBEIRO,DIURNO,CIENCIAS EXATAS E DA TERRA,BACHARELADO,BACHARELADO,8.0,8.0,16.0,3000,601,246,325,19,40.93,54.08,12.6,12.6,87.4,7.72,11.27,11.0,3.27,70.1,RETENÇÃO CRÍTICA,68,40.0,24.0,14.0,202200.0,11.31
GESTAO DE AGRONEGOCIOS,FACULDADE DE AGRONOMIA E MEDICINA VETERINARIA,DARCY RIBEIRO,NOTURNO,CIENCIAS SOCIAIS APLICADAS,BACHARELADO,BACHARELADO,8.0,12.0,16.0,3000,474,139,312,17,29.32,65.82,6.52,54.35,45.65,16.67,12.63,12.0,0.63,67.9,RETENÇÃO CRÍTICA,28,22.0,6.0,4.0,122400.0,5.91
LETRAS - TRADUCAO - FRANCES,DEPTO LINGUAS ESTRANGEIRAS E TRADUCAO,DARCY RIBEIRO,DIURNO,"LINGUISTICA, LETRAS E ARTES",BACHARELADO,BACHARELADO,6.0,10.0,14.0,2700,31,11,15,4,35.48,48.39,0.0,10.0,90.0,70.0,13.9,14.5,3.9,66.5,RETENÇÃO CRÍTICA,13,9.0,4.0,3.0,44700.0,41.94
GEOFISICA,INSTITUTO DE GEOCIENCIAS,DARCY RIBEIRO,DIURNO,CIENCIAS EXATAS E DA TERRA,BACHARELADO,BACHARELADO,8.5,11.5,14.0,3450,406,121,275,1,29.8,67.73,11.67,51.67,48.33,21.67,11.47,11.0,-0.03,66.1,RETENÇÃO CRÍTICA,84,47.0,31.0,22.0,243000.0,20.69
LETRAS - LINGUA ESPANHOLA E LITERATURA ESPANHOLA E HISPANO-AMERICANA,INSTITUTO DE LETRAS,DARCY RIBEIRO,NOTURNO,"LINGUISTICA, LETRAS E ARTES",LICENCIATURA,LICENCIATURA,8.0,12.0,16.0,2550,766,247,504,6,32.25,65.8,13.41,68.29,31.71,15.04,11.61,11.0,-0.39,63.4,RETENÇÃO CRÍTICA,54,26.0,28.0,22.0,126300.0,7.05
ENGENHARIA MECATRONICA - CONTROLE E AUTOMACAO,FACULDADE DE TECNOLOGIA,DARCY RIBEIRO,DIURNO,ENGENHARIAS,ENGENHEIRO DE CONTROLE E AUTOMACAO,BACHARELADO,8.0,10.0,18.0,4110,638,298,294,34,46.71,46.08,2.36,9.43,90.57,11.45,13.81,14.0,3.81,62.7,RETENÇÃO CRÍTICA,120,92.0,22.0,43.0,450300.0,18.81
QUIMICA TECNOLOGICA,INSTITUTO DE QUIMICA,DARCY RIBEIRO,DIURNO,CIENCIAS EXATAS E DA TERRA,BACHARELADO,BACHARELADO,8.0,13.0,18.0,3300,443,136,287,14,30.7,64.79,4.41,64.71,35.29,5.88,12.76,12.0,-0.24,62.0,RETENÇÃO CRÍTICA,95,67.0,18.0,16.0,329100.0,21.44
LETRAS - PORTUGUES DO BRASIL COMO SEGUNDA LINGUA,INSTITUTO DE LETRAS,DARCY RIBEIRO,DIURNO,"LINGUISTICA, LETRAS E ARTES",LICENCIATURA,LICENCIATURA,6.0,10.0,14.0,2820,393,145,234,7,36.9,59.54,2.19,51.09,48.91,12.41,10.77,10.0,0.77,60.1,RETENÇÃO CRÍTICA,25,19.0,6.0,13.0,94800.0,6.36
ARTES VISUAIS,DEPARTAMENTO DE ARTES VISUAIS,DARCY RIBEIRO,DIURNO E NOTURNO,"LINGUISTICA, LETRAS E ARTES",MISTO (BACHARELADO + LICENCIATURA),MISTO,8.0,10.0,12.0,3210,974,433,505,32,44.46,51.85,12.35,32.87,67.13,60.61,12.21,12.0,2.21,59.5,RETENÇÃO CRÍTICA,116,85.0,24.0,39.0,420600.0,11.91
CIENCIAS AMBIENTAIS,INSTITUTO DE GEOCIENCIAS,DARCY RIBEIRO,NOTURNO,CIENCIAS SOCIAIS APLICADAS,BACHARELADO,BACHARELADO,7.0,11.0,14.0,2700,586,235,312,29,40.1,53.24,0.85,37.02,62.98,37.45,12.73,12.0,1.73,58.0,RETENÇÃO CRÍTICA,87,67.0,17.0,21.0,331200.0,14.85
CIENCIAS SOCIAIS,INSTITUTO DE CIENCIAS SOCIAIS,DARCY RIBEIRO,DIURNO,CIENCIAS SOCIAIS APLICADAS,MISTO (BACHARELADO + LICENCIATURA),MISTO,6.0,10.0,14.0,2745,1049,435,566,19,41.47,53.96,6.29,38.46,61.54,24.48,11.51,11.0,1.51,57.5,RETENÇÃO ALTA,222,167.0,50.0,105.0,822000.0,21.16
CIENCIAS ECONOMICAS,DEPARTAMENTO DE ECONOMIA,DARCY RIBEIRO,DIURNO,CIENCIAS SOCIAIS APLICADAS,BACHARELADO,BACHARELADO,6.0,8.0,14.0,3000,956,496,434,14,51.88,45.4,3.23,15.93,84.07,14.11,10.76,10.0,2.76,54.3,RETENÇÃO ALTA,52,33.0,16.0,15.0,168300.0,5.44
CIENCIAS NATURAIS,UNB - FACULDADE DE PLANALTINA,FACULDADE DE PLANALTINA (FUP),DIURNO E NOTURNO,CIENCIAS HUMANAS,LICENCIATURA,LICENCIATURA,7.0,11.0,16.0,3225,1027,361,598,57,35.15,58.23,3.93,59.27,40.73,7.87,11.21,11.0,0.21,54.3,RETENÇÃO ALTA,100,75.0,21.0,39.0,373500.0,9.74
ENGENHARIA FLORESTAL,DEPARTAMENTO DE ENGENHARIA FLORESTAL,DARCY RIBEIRO,DIURNO,CIENCIAS AGRARIAS,ENGENHEIRO FLORESTAL,BACHARELADO,8.0,12.0,16.0,3870,740,334,367,27,45.14,49.59,1.81,32.02,67.98,25.98,13.72,14.0,1.72,52.8,RETENÇÃO ALTA,187,138.0,34.0,69.0,705900.0,25.27
EDUCACAO DO CAMPO - CIENCIAS DA NATUREZA,UNB - FACULDADE DE PLANALTINA,FACULDADE DE PLANALTINA (FUP),DIURNO,CIENCIAS HUMANAS,LICENCIATURA,LICENCIATURA,8.0,10.0,12.0,3525,79,34,43,1,43.04,54.43,37.04,59.26,40.74,40.74,10.74,10.0,0.74,52.7,RETENÇÃO ALTA,18,12.0,3.0,8.0,59100.0,22.78
LETRAS - LINGUA PORTUGUESA E RESPECTIVA LITERATURA,INSTITUTO DE LETRAS,DARCY RIBEIRO,DIURNO E NOTURNO,"LINGUISTICA, LETRAS E ARTES",MISTO (BACHARELADO + LICENCIATURA),MISTO,6.0,10.0,14.0,3240,1713,768,894,37,44.83,52.19,3.81,49.61,50.39,20.6,11.11,11.0,1.11,52.2,RETENÇÃO ALTA,218,132.0,71.0,75.0,669000.0,12.73
LETRAS - TRADUCAO - ESPANHOL,INSTITUTO DE LETRAS,DARCY RIBEIRO,NOTURNO,"LINGUISTICA, LETRAS E ARTES",BACHARELADO,BACHARELADO,7.0,11.0,14.0,2520,49,23,22,4,46.94,44.9,0.0,19.05,80.95,47.62,13.48,13.0,2.48,51.6,RETENÇÃO ALTA,35,6.0,22.0,12.0,32400.0,71.43
LETRAS - LINGUA INGLESA E RESPECTIVA LITERATURA,INSTITUTO DE LETRAS,DARCY RIBEIRO,DIURNO,"LINGUISTICA, LETRAS E ARTES",MISTO (BACHARELADO + LICENCIATURA),MISTO,6.0,10.0,14.0,3540,794,348,431,4,43.83,54.28,6.96,50.72,49.28,15.07,10.58,10.0,0.58,51.4,RETENÇÃO ALTA,121,67.0,52.0,57.0,336900.0,15.24
GEOGRAFIA,DEPARTAMENTO DE GEOGRAFIA,DARCY RIBEIRO,DIURNO,CIENCIAS HUMANAS,MISTO (BACHARELADO + LICENCIATURA),MISTO,6.0,10.0,14.0,2910,840,386,435,8,45.95,51.79,2.35,56.92,43.08,18.8,10.98,10.0,0.98,50.7,RETENÇÃO ALTA,169,101.0,59.0,89.0,511200.0,20.12
ARTES CENICAS,DEPARTAMENTO DE ARTES CENICAS,DARCY RIBEIRO,DIURNO E NOTURNO,"LINGUISTICA, LETRAS E ARTES",LICENCIATURA,LICENCIATURA,8.0,10.0,12.0,3255,498,241,239,9,48.39,47.99,12.08,34.58,65.42,52.08,11.7,12.0,1.7,50.5,RETENÇÃO ALTA,71,62.0,4.0,22.0,310800.0,14.26
SAUDE COLETIVA,UNB - FACULDADE DA CEILANDIA,MULTICAMPUS,DIURNO E NOTURNO,CIENCIAS DA SAUDE,BACHARELADO,BACHARELADO,8.0,10.5,14.0,3225,1202,536,622,24,44.59,51.75,7.12,42.7,57.3,17.42,11.42,11.0,0.92,50.2,RETENÇÃO ALTA,151,97.0,44.0,59.0,478800.0,12.56
ENGENHARIA DE COMPUTACAO,DEPARTAMENTO DE CIENCIA DA COMPUTACAO,DARCY RIBEIRO,DIURNO,CIENCIAS EXATAS E DA TERRA,BACHARELADO,BACHARELADO,8.0,13.0,18.0,3780,588,240,311,30,40.82,52.89,2.92,60.83,39.17,11.25,13.36,13.0,0.36,47.9,RETENÇÃO ALTA,84,62.0,21.0,21.0,317100.0,14.29
ENGENHARIA DE SOFTWARE,UNB - FACULDADE DO GAMA,FACULDADE DE CIENCIAS E TECNOLOGIAS EM ENGENHARIA (FCTE),DIURNO,CIENCIAS EXATAS E DA TERRA,BACHARELADO,BACHARELADO,9.5,10.0,16.0,3600,693,391,250,51,56.42,36.08,2.57,9.25,90.75,21.08,13.58,13.0,3.58,47.1,RETENÇÃO ALTA,119,90.0,23.0,39.0,447000.0,17.17
ENGENHARIA AUTOMOTIVA,UNB - FACULDADE DO GAMA,FACULDADE DE CIENCIAS E TECNOLOGIAS EM ENGENHARIA (FCTE),DIURNO,ENGENHARIAS,BACHARELADO,BACHARELADO,10.0,13.0,16.0,3885,373,175,168,30,46.92,45.04,5.14,30.86,69.14,33.71,14.65,14.0,1.65,46.0,RETENÇÃO ALTA,30,19.0,6.0,5.0,94200.0,8.04
ENGENHARIA DE ENERGIA,UNB - FACULDADE DO GAMA,FACULDADE DE CIENCIAS E TECNOLOGIAS EM ENGENHARIA (FCTE),DIURNO,ENGENHARIAS,BACHARELADO,BACHARELADO,10.0,10.0,16.0,3825,527,314,185,26,59.58,35.1,9.24,9.24,90.76,19.75,13.58,14.0,3.58,45.7,RETENÇÃO ALTA,50,29.0,11.0,11.0,145800.0,9.49
ENGENHARIA AEROESPACIAL,UNB - FACULDADE DO GAMA,FACULDADE DE CIENCIAS E TECNOLOGIAS EM ENGENHARIA (FCTE),DIURNO,ENGENHARIAS,BACHARELADO,BACHARELADO,10.0,10.0,18.0,3930,369,212,116,41,57.45,31.44,3.3,3.3,96.7,13.21,14.29,14.0,4.29,45.3,RETENÇÃO ALTA,188,134.0,42.0,58.0,651600.0,50.95
MUSICA,DEPARTAMENTO DE ARTES VISUAIS,DARCY RIBEIRO,DIURNO E NOTURNO,"LINGUISTICA, LETRAS E ARTES",MISTO (BACHARELADO + LICENCIATURA),MISTO,8.0,11.0,14.0,3015,767,343,394,27,44.72,51.37,22.35,58.24,41.76,20.88,11.22,11.0,0.22,44.7,RETENÇÃO ALTA,42,33.0,5.0,11.0,165900.0,5.48
SOCIOLOGIA,INSTITUTO DE CIENCIAS SOCIAIS,DARCY RIBEIRO,DIURNO,CIENCIAS SOCIAIS APLICADAS,BACHARELADO,BACHARELADO,6.0,10.0,14.0,2520,224,116,99,5,51.79,44.2,2.61,40.0,60.0,19.13,11.58,11.0,1.58,44.3,RETENÇÃO ALTA,45,31.0,13.0,19.0,156000.0,20.09
MUSICA - COMPOSICAO,DEPTO MUSICA,DARCY RIBEIRO,DIURNO,"LINGUISTICA, LETRAS E ARTES",BACHARELADO,BACHARELADO,12.0,14.0,16.0,3330,17,9,6,2,52.94,35.29,11.11,11.11,88.89,77.78,17.33,18.0,3.33,44.2,RETENÇÃO ALTA,0,,,,0.0,0.0
LINGUA DE SINAIS BRASILEIRA -PORTUGUES COMO SEGUNDA LINGUA,"DEPARTAMENTO DE LINGUISTICA, PORTUGUES, LING CLAS",DARCY RIBEIRO,DIURNO,"LINGUISTICA, LETRAS E ARTES",LICENCIATURA,LICENCIATURA,8.0,12.0,16.0,2820,74,34,38,0,45.95,51.35,63.64,81.82,18.18,0.0,9.7,8.0,-2.3,43.2,RETENÇÃO ALTA,32,14.0,18.0,11.0,68700.0,43.24
ENGENHARIA DE REDES DE COMUNICACAO,FACULDADE DE TECNOLOGIA,DARCY RIBEIRO,DIURNO,ENGENHARIAS,BACHARELADO,BACHARELADO,10.0,15.0,20.0,3750,583,256,295,14,43.91,50.6,14.51,78.43,21.57,2.35,13.14,13.0,-1.86,42.1,RETENÇÃO ALTA,46,28.0,16.0,11.0,135900.0,7.89
"EDUCACAO DO CAMPO - LINGUAGENS, ARTES E LITERATURA",UNB - FACULDADE DE PLANALTINA,FACULDADE DE PLANALTINA (FUP),DIURNO,CIENCIAS HUMANAS,LICENCIATURA,LICENCIATURA,8.0,10.0,12.0,4255,336,165,149,20,49.11,44.35,9.49,58.23,41.77,34.81,11.18,10.0,1.18,41.7,RETENÇÃO ALTA,28,20.0,8.0,13.0,97500.0,8.33
HISTORIA,DEPARTAMENTO DE HISTORIA,DARCY RIBEIRO,DIURNO E NOTURNO,CIENCIAS HUMANAS,MISTO (BACHARELADO + LICENCIATURA),MISTO,7.0,11.0,15.0,3405,1343,608,659,56,45.27,49.07,3.63,57.92,42.08,10.56,11.23,11.0,0.23,41.6,RETENÇÃO ALTA,308,195.0,98.0,130.0,999000.0,22.93
ANTROPOLOGIA,INSTITUTO DE CIENCIAS SOCIAIS,DARCY RIBEIRO,DIURNO,CIENCIAS HUMANAS,BACHARELADO,BACHARELADO,6.0,10.0,14.0,2520,246,123,109,10,50.0,44.31,4.92,40.98,59.02,18.03,11.16,11.0,1.16,41.5,RETENÇÃO ALTA,42,30.0,9.0,18.0,148200.0,17.07
EDUCACAO FISICA,FACULDADE DE EDUCACAO FISICA,DARCY RIBEIRO,DIURNO,CIENCIAS DA SAUDE,MISTO (BACHARELADO + LICENCIATURA),MISTO,8.0,10.0,12.0,3210,1781,877,865,15,49.24,48.57,25.43,62.14,37.86,28.16,10.31,10.0,0.31,41.5,RETENÇÃO ALTA,112,87.0,23.0,58.0,453000.0,6.29
TURISMO,CENTRO DE EXCELENCIA EM TURISMO,DARCY RIBEIRO,DIURNO,CIENCIAS HUMANAS,BACHARELADO,BACHARELADO,8.0,12.0,16.0,2640,531,260,241,22,48.96,45.39,2.32,58.3,41.7,15.83,12.63,12.0,0.63,39.3,RETENÇÃO MÉDIA,28,18.0,10.0,13.0,87900.0,5.27
ENGENHARIA ELETRICA,DEPARTAMENTO DE ENGENHARIA ELETRICA.,DARCY RIBEIRO,DIURNO,ENGENHARIAS,ENGENHEIRO ELETRICISTA,BACHARELADO,8.0,10.0,18.0,3930,728,436,239,40,59.89,32.83,3.22,12.18,87.82,5.06,12.93,13.0,2.93,37.9,RETENÇÃO MÉDIA,141,99.0,32.0,34.0,519000.0,19.37
ADMINISTRACAO,NAO CADASTRADO,DARCY RIBEIRO,DIURNO E NOTURNO,CIENCIAS SOCIAIS APLICADAS,BACHARELADO,BACHARELADO,8.0,10.0,16.0,3000,2407,1306,960,57,54.26,39.88,15.02,46.38,53.62,9.55,11.27,11.0,1.27,36.1,RETENÇÃO MÉDIA,116,88.0,26.0,50.0,456600.0,4.82
ENGENHARIA AMBIENTAL,DEPARTAMENTO DE ENGENHARIA CIVIL E AMBIENTAL,DARCY RIBEIRO,DIURNO,ENGENHARIAS,ENGENHEIRO,BACHARELADO,10.0,14.0,18.0,3900,589,297,270,12,50.42,45.84,6.42,67.23,32.77,9.12,13.86,13.0,-0.14,35.4,RETENÇÃO MÉDIA,125,98.0,17.0,35.0,484800.0,21.22
GESTAO AMBIENTAL,UNB - FACULDADE DE PLANALTINA,FACULDADE DE PLANALTINA (FUP),NOTURNO,CIENCIAS SOCIAIS APLICADAS,BACHARELADO,BACHARELADO,8.0,12.0,16.0,2790,552,275,248,25,49.82,44.93,12.87,58.46,41.54,14.34,12.04,12.0,0.04,34.5,RETENÇÃO MÉDIA,45,34.0,9.0,22.0,166200.0,8.15
TERAPIA OCUPACIONAL,UNB - FACULDADE DA CEILANDIA,FACULDADE DE CIENCIAS E TECNOLOGIAS EM SAUDE (FCTS),DIURNO,CIENCIAS DA SAUDE,BACHARELADO,BACHARELADO,8.0,10.0,12.0,3510,651,368,264,7,56.53,40.55,7.36,54.77,45.23,31.61,10.87,10.0,0.87,34.2,RETENÇÃO MÉDIA,109,80.0,21.0,53.0,414300.0,16.74
SERVICO SOCIAL,DEPARTAMENTO DE SERVICO SOCIAL,DARCY RIBEIRO,DIURNO E NOTURNO,CIENCIAS SOCIAIS APLICADAS,BACHARELADO,BACHARELADO,8.0,9.0,16.0,3120,1234,741,412,63,60.05,33.39,14.61,29.91,70.09,10.15,11.22,11.0,2.22,33.7,RETENÇÃO MÉDIA,180,137.0,39.0,81.0,699600.0,14.59
FISIOTERAPIA,UNB - FACULDADE DA CEILANDIA,FACULDADE DE CIENCIAS E TECNOLOGIAS EM SAUDE (FCTS),DIURNO,CIENCIAS DA SAUDE,BACHARELADO,BACHARELADO,10.0,10.0,18.0,4500,768,475,240,8,61.85,31.25,10.55,10.55,89.45,2.53,12.61,12.0,2.61,33.4,RETENÇÃO MÉDIA,367,230.0,106.0,149.0,1129500.0,47.79
AGRONOMIA,FACULDADE DE AGRONOMIA E MEDICINA VETERINARIA,DARCY RIBEIRO,DIURNO,CIENCIAS AGRARIAS,ENGENHEIRO AGRONOMO,BACHARELADO,8.0,11.0,14.0,3960,1197,697,439,37,58.23,36.68,3.16,31.9,68.1,28.16,12.5,12.0,1.5,33.2,RETENÇÃO MÉDIA,407,315.0,58.0,172.0,1611600.0,34.0
LETRAS - TRADUCAO - INGLES,DEPTO LINGUAS ESTRANGEIRAS E TRADUCAO,DARCY RIBEIRO,DIURNO,"LINGUISTICA, LETRAS E ARTES",BACHARELADO,BACHARELADO,6.0,10.0,14.0,2700,84,50,19,15,59.52,22.62,0.0,4.35,95.65,52.17,14.37,14.0,4.37,32.9,RETENÇÃO MÉDIA,25,12.0,10.0,12.0,66900.0,29.76
GESTAO DO AGRONEGOCIO,UNB - FACULDADE DE PLANALTINA,FACULDADE DE PLANALTINA (FUP),DIURNO,CIENCIAS EXATAS E DA TERRA,BACHARELADO,BACHARELADO,8.0,12.0,16.0,3000,573,310,250,4,54.1,43.63,16.67,73.86,26.14,7.52,10.95,10.0,-1.05,32.4,RETENÇÃO MÉDIA,27,19.0,6.0,9.0,91200.0,4.71
ENFERMAGEM,DEPARTAMENTO DE ENFERMAGEM,MULTICAMPUS,DIURNO,CIENCIAS DA SAUDE,ENFERMEIRO,BACHARELADO,10.0,11.0,14.5,4230,1455,885,525,28,60.82,36.08,17.18,34.69,65.31,15.82,12.49,12.0,1.49,32.3,RETENÇÃO MÉDIA,600,450.0,123.0,307.0,2301900.0,41.24
GEOLOGIA,INSTITUTO DE GEOCIENCIAS,DARCY RIBEIRO,DIURNO,CIENCIAS EXATAS E DA TERRA,GEOLOGO,BACHARELADO,8.0,12.0,16.0,3960,512,293,196,15,57.23,38.28,3.77,51.37,48.63,16.44,13.0,12.0,1.0,31.9,RETENÇÃO MÉDIA,255,168.0,57.0,87.0,908100.0,49.8
GESTAO DE POLITICAS PUBLICAS,"FACULD. DE ECONOMIA, ADMINISTRACAO E CONTABILIDADE",DARCY RIBEIRO,NOTURNO,CIENCIAS HUMANAS,BACHARELADO,BACHARELADO,8.0,12.0,16.0,3000,755,396,327,23,52.45,43.31,17.47,75.95,24.05,5.06,10.79,10.0,-1.21,31.9,RETENÇÃO MÉDIA,44,34.0,8.0,21.0,182100.0,5.83
PEDAGOGIA,FACULDADE DE EDUCACAO,DARCY RIBEIRO,DIURNO E NOTURNO,CIENCIAS HUMANAS,LICENCIATURA,LICENCIATURA,6.0,10.0,14.0,3330,2402,1359,957,58,56.58,39.84,4.29,60.75,39.25,14.86,10.53,10.0,0.53,30.8,RETENÇÃO MÉDIA,238,175.0,53.0,127.0,878400.0,9.91
EDUCACAO DO CAMPO - MATEMATICA,FACULDADE DE PLANALTINA,FACULDADE DE PLANALTINA (FUP),DIURNO,CIENCIAS HUMANAS,LICENCIATURA,LICENCIATURA,8.0,10.0,12.0,3510,16,9,5,2,56.25,31.25,0.0,16.67,83.33,66.67,12.17,12.0,2.17,30.3,RETENÇÃO MÉDIA,3,2.0,0.0,0.0,11100.0,18.75
MUSICA - PIANO,DEPTO MUSICA,DARCY RIBEIRO,DIURNO,"LINGUISTICA, LETRAS E ARTES",BACHARELADO,BACHARELADO,6.0,8.0,10.0,2070,11,9,1,0,81.82,9.09,0.0,0.0,100.0,100.0,14.33,13.0,6.33,30.0,RETENÇÃO MÉDIA,0,,,,0.0,0.0
ENGENHARIA QUIMICA,INSTITUTO DE QUIMICA,DARCY RIBEIRO,DIURNO,ENGENHARIAS,BACHARELADO,BACHARELADO,10.0,12.0,18.0,3960,465,270,171,10,58.06,36.77,13.38,54.65,45.35,2.23,12.63,12.0,0.63,27.2,RETENÇÃO MÉDIA,157,113.0,29.0,50.0,600300.0,33.76
NUTRICAO,DEPARTAMENTO DE NUTRICAO,DARCY RIBEIRO,DIURNO,CIENCIAS DA SAUDE,NUTRICIONISTA,BACHARELADO,6.0,9.0,14.0,3600,553,365,182,3,66.0,32.91,1.92,35.99,64.01,9.62,10.38,10.0,1.38,27.1,RETENÇÃO MÉDIA,122,99.0,15.0,44.0,521100.0,22.06
ENGENHARIA MECANICA,DEPARTAMENTO DE ENGENHARIA MECANICA,DARCY RIBEIRO,DIURNO,ENGENHARIAS,ENGENHEIRO MECANICO,BACHARELADO,8.0,13.0,18.0,3930,754,432,292,16,57.29,38.73,2.55,61.57,38.43,6.02,13.22,13.0,0.22,27.0,RETENÇÃO MÉDIA,153,119.0,24.0,38.0,608700.0,20.29
CIENCIAS CONTABEIS,DEPTO DE CIENCIAS CONTABEIS E ATUARIAIS,DARCY RIBEIRO,DIURNO E NOTURNO,CIENCIAS SOCIAIS APLICADAS,BACHARELADO,BACHARELADO,10.0,11.0,14.0,3000,2173,1227,840,43,56.47,38.66,49.26,62.42,37.58,16.91,11.03,11.0,0.03,25.6,RETENÇÃO MÉDIA,129,73.0,48.0,54.0,366600.0,5.94
CIENCIA POLITICA,INSTITUTO DE CIENCIA POLITICA,DARCY RIBEIRO,DIURNO,CIENCIAS HUMANAS,BACHARELADO,BACHARELADO,6.0,9.0,12.0,2700,910,588,290,20,64.62,31.87,4.44,40.61,59.39,27.13,10.3,10.0,1.3,25.1,RETENÇÃO MÉDIA,98,67.0,25.0,50.0,339900.0,10.77
ENGENHARIA ELETRONICA,UNB - FACULDADE DO GAMA,FACULDADE DE CIENCIAS E TECNOLOGIAS EM ENGENHARIA (FCTE),DIURNO,ENGENHARIAS,BACHARELADO,BACHARELADO,10.0,13.0,16.0,3855,605,348,209,48,57.52,34.55,9.2,49.71,50.29,25.0,13.78,14.0,0.78,25.1,RETENÇÃO MÉDIA,124,91.0,27.0,39.0,457200.0,20.5
FARMACIA,FACULDADE DE CIENCIAS DA SAUDE,MULTICAMPUS,DIURNO E NOTURNO,CIENCIAS DA SAUDE,BACHARELADO,BACHARELADO,10.0,12.0,18.0,4395,1781,1046,635,44,58.73,35.65,17.42,57.42,42.58,2.78,12.46,12.0,0.46,24.4,RETENÇÃO BAIXA,697,498.0,156.0,263.0,2567700.0,39.14
ENGENHARIA DE PRODUCAO,FACULDADE DE TECNOLOGIA,DARCY RIBEIRO,NOTURNO,ENGENHARIAS,BACHARELADO,BACHARELADO,10.0,14.0,18.0,3600,816,455,305,33,55.76,37.38,7.71,74.23,25.77,5.73,13.41,13.0,-0.59,23.6,RETENÇÃO BAIXA,49,40.0,9.0,18.0,201600.0,6.0
ARTES CENICAS - INTERPRETACAO TEATRAL,DEPTO ARTES CENICAS,DARCY RIBEIRO,DIURNO,"LINGUISTICA, LETRAS E ARTES",BACHARELADO,BACHARELADO,7.0,10.0,12.0,2880,36,27,2,7,75.0,5.56,0.0,11.11,88.89,77.78,13.19,13.0,3.19,22.5,RETENÇÃO BAIXA,10,8.0,1.0,2.0,45000.0,27.78
CIENCIAS BIOLOGICAS,INSTITUTO DE CIENCIAS BIOLOGICAS,DARCY RIBEIRO,DIURNO E NOTURNO,CIENCIAS BIOLOGICAS,MISTO (BACHARELADO + LICENCIATURA),MISTO,8.0,11.0,14.0,3210,1705,1041,603,42,61.06,35.37,11.16,59.29,40.71,16.36,11.15,11.0,0.15,21.8,RETENÇÃO BAIXA,575,416.0,120.0,222.0,2097000.0,33.72
AUDIOVISUAL,FACULDADE DE COMUNICACAO,DARCY RIBEIRO,DIURNO,CIENCIAS SOCIAIS APLICADAS,BACHARELADO,BACHARELADO,8.0,11.0,14.0,2820,320,206,102,8,64.38,31.87,8.25,51.94,48.06,22.82,11.82,11.0,0.82,21.7,RETENÇÃO BAIXA,55,39.0,13.0,26.0,198300.0,17.19
BIOTECNOLOGIA,INSTITUTO DE CIENCIAS BIOLOGICAS,DARCY RIBEIRO,DIURNO,CIENCIAS BIOLOGICAS,BACHARELADO,BACHARELADO,8.0,11.0,14.0,3210,496,304,176,4,61.29,35.48,14.47,75.66,24.34,9.87,10.4,10.0,-0.6,20.9,RETENÇÃO BAIXA,256,175.0,53.0,69.0,867000.0,51.61
ODONTOLOGIA,DEPARTAMENTO DE ODONTOLOGIA,DARCY RIBEIRO,DIURNO,CIENCIAS DA SAUDE,CIRURGIAO DENTISTA,BACHARELADO,10.0,10.0,18.0,4065,530,372,139,10,70.19,26.23,30.65,30.65,69.35,1.61,11.59,11.0,1.59,19.2,RETENÇÃO BAIXA,246,174.0,48.0,117.0,887400.0,46.42
BIBLIOTECONOMIA,FACULDADE DE CIENCIA DA INFORMACAO,DARCY RIBEIRO,DIURNO,CIENCIAS SOCIAIS APLICADAS,BACHARELADO,BACHARELADO,8.0,11.0,14.0,2700,630,385,198,38,61.11,31.43,14.03,62.6,37.4,19.74,11.31,10.0,0.31,17.5,RETENÇÃO BAIXA,105,63.0,35.0,47.0,317700.0,16.67
RELACOES INTERNACIONAIS,INSTITUTO DE RELACOES INTERNACIONAIS,DARCY RIBEIRO,DIURNO,CIENCIAS HUMANAS,BACHARELADO,BACHARELADO,6.0,9.0,12.0,2790,908,630,262,0,69.38,28.85,1.9,43.49,56.51,12.86,9.81,10.0,0.81,17.4,RETENÇÃO BAIXA,141,93.0,45.0,65.0,450900.0,15.53
FONOAUDIOLOGIA,UNB - FACULDADE DA CEILANDIA,FACULDADE DE CIENCIAS E TECNOLOGIAS EM SAUDE (FCTS),DIURNO,CIENCIAS DA SAUDE,BACHARELADO,BACHARELADO,8.0,8.0,14.0,3510,271,213,51,4,78.6,18.82,23.0,23.0,77.0,7.98,10.39,9.0,2.39,16.9,RETENÇÃO BAIXA,162,98.0,49.0,77.0,488400.0,59.78
EDUCACAO DO CAMPO - CIENCIAS DA NATUREZA E MATEMATICA,UNB - FACULDADE DE PLANALTINA,FACULDADE DE PLANALTINA (FUP),DIURNO,CIENCIAS HUMANAS,LICENCIATURA,LICENCIATURA,8.0,10.0,12.0,3550,67,49,18,0,73.13,26.87,12.24,59.18,40.82,24.49,10.96,10.0,0.96,15.7,RETENÇÃO BAIXA,0,,,,0.0,0.0
DESIGN - PROJETO DO PRODUTO,DEPARTAMENTO DE DESIGN,DARCY RIBEIRO,DIURNO,CIENCIAS SOCIAIS APLICADAS,BACHARELADO,BACHARELADO,7.0,11.0,14.0,2940,145,107,36,1,73.79,24.83,1.87,38.32,61.68,21.5,12.06,12.0,1.06,13.5,RETENÇÃO BAIXA,6,5.0,1.0,3.0,24000.0,4.14
JORNALISMO,FACULDADE DE COMUNICACAO,DARCY RIBEIRO,DIURNO,CIENCIAS SOCIAIS APLICADAS,BACHARELADO,BACHARELADO,8.0,11.0,14.0,3000,499,338,148,5,67.74,29.66,12.24,70.75,29.25,9.55,10.55,10.0,-0.45,12.8,RETENÇÃO BAIXA,60,43.0,16.0,34.0,213600.0,12.02
PSICOLOGIA,DIRECAO DO INSTITUTO DE PSICOLOGIA,DARCY RIBEIRO,DIURNO,CIENCIAS HUMANAS,MISTO (BACHARELADO + LICENCIATURA),MISTO,8.0,11.0,14.0,4230,1163,859,282,15,73.86,24.25,4.42,43.19,56.81,22.7,12.04,12.0,1.04,12.6,RETENÇÃO BAIXA,252,189.0,50.0,102.0,935100.0,21.67
MEDICINA VETERINARIA,FACULDADE DE AGRONOMIA E MEDICINA VETERINARIA,DARCY RIBEIRO,DIURNO,CIENCIAS AGRARIAS,MEDICO VETERINARIO,BACHARELADO,10.0,14.5,19.0,4200,678,459,195,17,67.7,28.76,11.11,74.51,25.49,2.61,13.08,13.0,-1.42,11.5,RETENÇÃO BAIXA,281,184.0,73.0,112.0,950400.0,41.45
PUBLICIDADE E PROPAGANDA,FACULDADE DE COMUNICACAO,DARCY RIBEIRO,DIURNO,CIENCIAS SOCIAIS APLICADAS,BACHARELADO,BACHARELADO,8.0,11.0,14.0,2790,382,264,98,17,69.11,25.65,9.09,59.09,40.91,19.7,11.32,11.0,0.32,9.4,RETENÇÃO BAIXA,49,29.0,19.0,26.0,145200.0,12.83
COMUNICACAO ORGANIZACIONAL,DEPARTAMENTO DE COMUNICACAO ORGANIZACIONAL,DARCY RIBEIRO,NOTURNO,CIENCIAS SOCIAIS APLICADAS,BACHARELADO,BACHARELADO,8.0,11.0,14.0,2790,585,408,156,11,69.74,26.67,15.2,70.83,29.17,14.95,10.76,10.0,-0.24,8.6,RETENÇÃO BAIXA,97,66.0,31.0,36.0,328800.0,16.58
DESIGN - PROGRAMACAO VISUAL,DEPARTAMENTO DE DESIGN,DARCY RIBEIRO,DIURNO,CIENCIAS SOCIAIS APLICADAS,BACHARELADO,BACHARELADO,7.0,11.0,14.0,2940,245,201,36,8,82.04,14.69,2.01,42.21,57.79,21.61,11.91,12.0,0.91,6.4,RETENÇÃO BAIXA,34,26.0,5.0,11.0,138600.0,13.88
ARQUIVOLOGIA,FACULDADE DE CIENCIA DA INFORMACAO,DARCY RIBEIRO,NOTURNO,CIENCIAS SOCIAIS APLICADAS,BACHARELADO,BACHARELADO,6.0,10.0,10.0,2400,669,490,155,10,73.24,23.17,1.84,76.73,23.27,44.69,9.46,9.0,-0.54,3.7,RETENÇÃO BAIXA,57,36.0,19.0,31.0,175800.0,8.52
DIREITO,FACULDADE DE DIREITO,DARCY RIBEIRO,DIURNO E NOTURNO,CIENCIAS SOCIAIS APLICADAS,BACHARELADO,BACHARELADO,10.0,13.0,16.0,3840,2203,1523,495,88,69.13,22.47,29.56,82.75,17.25,7.18,11.72,11.0,-1.28,2.7,RETENÇÃO BAIXA,452,228.0,205.0,188.0,1125600.0,20.52
ENGENHARIA CIVIL,DEPARTAMENTO DE ENGENHARIA CIVIL E AMBIENTAL,DARCY RIBEIRO,DIURNO,ENGENHARIAS,ENGENHEIRO CIVIL,BACHARELADO,8.0,13.0,18.0,3930,731,533,164,18,72.91,22.44,3.58,79.47,20.53,2.07,12.15,12.0,-0.85,2.7,RETENÇÃO BAIXA,187,130.0,45.0,78.0,646800.0,25.58
ARQUITETURA E URBANISMO,DIRECAO DA FACULDADE DE ARQUITETURA E URBANISMO,DARCY RIBEIRO,DIURNO E NOTURNO,CIENCIAS SOCIAIS APLICADAS,ARQUITETO E URBANISTA,BACHARELADO,9.0,14.0,18.0,4110,1247,874,265,67,70.09,21.25,3.33,64.52,35.48,6.31,13.86,14.0,-0.14,1.0,RETENÇÃO BAIXA,413,284.0,117.0,159.0,1421700.0,33.12
MEDICINA,FACULDADE DE MEDICINA,DARCY RIBEIRO,DIURNO,CIENCIAS DA SAUDE,MEDICO,BACHARELADO,10.0,14.0,18.0,7920,706,608,52,24,86.12,7.37,1.32,83.72,16.28,2.3,13.12,13.0,-0.88,0.0,RETENÇÃO BAIXA,561,358.0,167.0,253.0,1864200.0,79.46
